{"cameraMode":{"drawMode":0,"name":"Shaded","section":"Shading Mode"},"sceneLighting":false,"audioPlay":false,"sceneViewState":{"showFog":true,"showMaterialUpdate":false,"showSkybox":true,"showFlares":true,"showImageEffects":true,"showParticleSystems":true},"in2DMode":false,"pivot":{"x":456.54449462890627,"y":28.379261016845704,"z":135.22213745117188},"rotation":{"x":0.024291809648275377,"y":0.9754472970962524,"z":-0.16575026512145997,"w":0.1429661363363266},"size":10.451286315917969,"orthographic":false}