{"cameraMode":{"drawMode":0,"name":"Shaded","section":"Shading Mode"},"sceneLighting":false,"audioPlay":false,"sceneViewState":{"showFog":true,"showMaterialUpdate":false,"showSkybox":true,"showFlares":true,"showImageEffects":true,"showParticleSystems":true},"in2DMode":false,"pivot":{"x":0.19024157524108888,"y":0.9638183116912842,"z":-0.65012127161026},"rotation":{"x":0.031969789415597919,"y":-0.9654200673103333,"z":0.14326299726963044,"w":0.21544799208641053},"size":9.96200942993164,"orthographic":false}